URL,Verdict,Evidence needed,Proposed role,Preferred query cluster,Internal-link plan,CTA,Priority,Visible words,Google coverage,Impr 16m,In-content inlinks
/,Rewrite (trust strip and capability claims per Phase 4),remove superlatives (8),Entity + routing hub,(inferred from H1: Custom RFID & NFC Manufacturer in China),"link to /about/certifications/, category pages, top solutions",read guide → compare → RFQ,P0,1446,Submitted and indexed,1248,1
/about/,"Rewrite where claims are UNVERIFIED (factory, capability, team)",first-party evidence (Phase 4),Trust/evidence page,(inferred from H1: About Proud Tek),from footer + homepage trust strip,contact / audit request,P0,2596,Crawled - currently not indexed,169,5
/about/certifications/,"Rewrite where claims are UNVERIFIED (factory, capability, team)",first-party evidence (Phase 4),Trust/evidence page,(inferred from H1: Proud Tek Certifications),from footer + homepage trust strip,contact / audit request,P0,2289,Discovered - currently not indexed,0,16
/about/corrections/,"Rewrite where claims are UNVERIFIED (factory, capability, team)",first-party evidence (Phase 4),Trust/evidence page,(inferred from H1: Corrections Log),from footer + homepage trust strip,contact / audit request,P1,1170,Discovered - currently not indexed,0,7
/about/disclosures/,"Rewrite where claims are UNVERIFIED (factory, capability, team)",first-party evidence (Phase 4),Trust/evidence page,(inferred from H1: Disclosures & Affiliations),from footer + homepage trust strip,contact / audit request,P1,1449,Discovered - currently not indexed,0,8
/about/editorial-policy/,"Rewrite where claims are UNVERIFIED (factory, capability, team)",first-party evidence (Phase 4),Trust/evidence page,(inferred from H1: Editorial Policy),from footer + homepage trust strip,contact / audit request,P1,1338,Discovered - currently not indexed,0,6
/about/factory/,"Rewrite where claims are UNVERIFIED (factory, capability, team)",first-party evidence (Phase 4),Trust/evidence page,(inferred from H1: Inside the Proud Tek Factory),from footer + homepage trust strip,contact / audit request,P0,2043,Discovered - currently not indexed,0,16
/about/leadership/,"Rewrite where claims are UNVERIFIED (factory, capability, team)",first-party evidence (Phase 4),Trust/evidence page,(inferred from H1: Proud Tek Leadership and Engineering Team),from footer + homepage trust strip,contact / audit request,P1,1876,Discovered - currently not indexed,0,1
/about/methodology/,"Rewrite where claims are UNVERIFIED (factory, capability, team)",first-party evidence (Phase 4),Trust/evidence page,(inferred from H1: Testing Methodology),from footer + homepage trust strip,contact / audit request,P1,1508,Discovered - currently not indexed,0,7
/about/privacy-policy/,"Rewrite where claims are UNVERIFIED (factory, capability, team)",first-party evidence (Phase 4),Trust/evidence page,(inferred from H1: Privacy Policy),from footer + homepage trust strip,contact / audit request,P1,1331,Discovered - currently not indexed,0,1
/about/review-board/,"Rewrite where claims are UNVERIFIED (factory, capability, team)",first-party evidence (Phase 4),Trust/evidence page,(inferred from H1: Editorial & Review Board),from footer + homepage trust strip,contact / audit request,P1,1665,Discovered - currently not indexed,0,514
/about/terms-of-use/,"Rewrite where claims are UNVERIFIED (factory, capability, team)",first-party evidence (Phase 4),Trust/evidence page,(inferred from H1: Terms of Use),from footer + homepage trust strip,contact / audit request,P1,1457,Discovered - currently not indexed,0,1
/blog/,Keep; if a solution page owns the same job (e.g. rfid-key-fob-access-control) fold into it,test conditions for performance figures; remove superlatives (3),Informational,(inferred from H1: RFID & NFC Knowledge Base),hub ↔ spoke per Phase 7,read guide → compare → RFQ,P2,3384,Submitted and indexed,76,2
/blog/access-card-copied-security-upgrade/,Keep; if a solution page owns the same job (e.g. rfid-key-fob-access-control) fold into it,—,Informational,(inferred from H1: Access Card Copied? How to Upgrade Security),hub ↔ spoke per Phase 7,read guide → compare → RFQ,P2,2375,Discovered - currently not indexed,0,5
/blog/anti-counterfeit-nfc-luxury-bags/,Keep; if a solution page owns the same job (e.g. rfid-key-fob-access-control) fold into it,—,Informational,(inferred from H1: Anti-Counterfeit NFC for Luxury Bags),hub ↔ spoke per Phase 7,read guide → compare → RFQ,P2,2200,Discovered - currently not indexed,0,5
/blog/best-rfid-card-for-hotels/,Keep; if a solution page owns the same job (e.g. rfid-key-fob-access-control) fold into it,remove superlatives (3),Informational,(inferred from H1: What Is the Best RFID Card for Hotels?),hub ↔ spoke per Phase 7,read guide → compare → RFQ,P2,2926,Discovered - currently not indexed,0,7
/blog/case-study-3pl-rfid-99-percent-inventory-accuracy/,Evidence needed → relabel as worked example or remove,first-party evidence (Phase 4),Evidence page (currently unverified),(inferred from H1: Case Study),hub ↔ spoke per Phase 7,RFQ,P0,2421,Submitted and indexed,3,5
/blog/case-study-apparel-brand-walmart-rfid-mandate-99-read-rate/,Evidence needed → relabel as worked example or remove,first-party evidence (Phase 4),Evidence page (currently unverified),(inferred from H1: Case Study),hub ↔ spoke per Phase 7,RFQ,P0,2623,Discovered - currently not indexed,0,8
/blog/case-study-boutique-hotel-rfid-keycard-cost-reduction/,Evidence needed → relabel as worked example or remove,first-party evidence (Phase 4),Evidence page (currently unverified),(inferred from H1: Case Study),hub ↔ spoke per Phase 7,RFQ,P0,2347,Discovered - currently not indexed,0,3
/blog/case-study-regional-hospital-rfid-surgical-sponge-rss-prevention/,Evidence needed → relabel as worked example or remove,first-party evidence (Phase 4),Evidence page (currently unverified),(inferred from H1: Case Study),hub ↔ spoke per Phase 7,RFQ,P0,2365,Discovered - currently not indexed,0,4
/blog/case-study-restaurant-group-nfc-review-cards-google-reviews-320-percent/,Evidence needed → relabel as worked example or remove,first-party evidence (Phase 4),Evidence page (currently unverified),(inferred from H1: Case Study),hub ↔ spoke per Phase 7,RFQ,P0,1942,Discovered - currently not indexed,0,3
/blog/china-rfid-factory-audit-checklist/,Keep; if a solution page owns the same job (e.g. rfid-key-fob-access-control) fold into it,—,Informational,(inferred from H1: China RFID Factory Audit),hub ↔ spoke per Phase 7,read guide → compare → RFQ,P2,2276,Discovered - currently not indexed,0,14
/blog/cost-per-rfid-tag-2026/,Keep; if a solution page owns the same job (e.g. rfid-key-fob-access-control) fold into it,—,Informational,(inferred from H1: Cost Per RFID Tag in 2026),hub ↔ spoke per Phase 7,read guide → compare → RFQ,P2,2724,Discovered - currently not indexed,0,8
/blog/desfire-ev1-vs-ev2-vs-ev3/,Keep; if a solution page owns the same job (e.g. rfid-key-fob-access-control) fold into it,—,Informational,(inferred from H1: DESFire EV1 vs EV2 vs EV3 Security Levels),hub ↔ spoke per Phase 7,read guide → compare → RFQ,P2,2474,Discovered - currently not indexed,0,7
/blog/digital-product-passports-nfc/,Keep; if a solution page owns the same job (e.g. rfid-key-fob-access-control) fold into it,—,Informational,(inferred from H1: Digital Product Passports and NFC Tags),hub ↔ spoke per Phase 7,read guide → compare → RFQ,P2,2660,Discovered - currently not indexed,0,9
/blog/eu-battery-passport-rfid-nfc-implementation/,Keep; if a solution page owns the same job (e.g. rfid-key-fob-access-control) fold into it,—,Informational,(inferred from H1: EU Battery Passport),hub ↔ spoke per Phase 7,read guide → compare → RFQ,P2,2314,Discovered - currently not indexed,0,7
/blog/hotel-key-card-not-working-troubleshooting/,Keep; if a solution page owns the same job (e.g. rfid-key-fob-access-control) fold into it,—,Informational,(inferred from H1: Hotel Key Card Not Working? Check These First),hub ↔ spoke per Phase 7,read guide → compare → RFQ,P2,2973,Discovered - currently not indexed,0,8
/blog/how-far-uhf-rfid-tag-read/,Keep; if a solution page owns the same job (e.g. rfid-key-fob-access-control) fold into it,remove superlatives (3),Informational,(inferred from H1: How Far Can a UHF RFID Tag Be Read?),hub ↔ spoke per Phase 7,read guide → compare → RFQ,P2,2378,Discovered - currently not indexed,0,10
/blog/how-hotel-rfid-key-cards-work/,Keep; if a solution page owns the same job (e.g. rfid-key-fob-access-control) fold into it,test conditions for performance figures,Informational,(inferred from H1: How Hotel RFID Key Cards Work),hub ↔ spoke per Phase 7,read guide → compare → RFQ,P2,2864,Discovered - currently not indexed,0,15
/blog/how-to-program-nfc-tags/,Keep; if a solution page owns the same job (e.g. rfid-key-fob-access-control) fold into it,remove superlatives (6),Informational,(inferred from H1: How to Program NFC Tags and Stickers),hub ↔ spoke per Phase 7,read guide → compare → RFQ,P2,2803,Discovered - currently not indexed,0,6
/blog/mifare-classic-vs-desfire-hotel-chips/,Keep; if a solution page owns the same job (e.g. rfid-key-fob-access-control) fold into it,test conditions for performance figures,Informational,(inferred from H1: MIFARE Classic vs DESFire),hub ↔ spoke per Phase 7,read guide → compare → RFQ,P2,2715,Discovered - currently not indexed,0,11
/blog/rfid-asset-tracking-warehouses/,Keep; if a solution page owns the same job (e.g. rfid-key-fob-access-control) fold into it,test conditions for performance figures,Informational,(inferred from H1: RFID Asset Tracking for Warehouses),hub ↔ spoke per Phase 7,read guide → compare → RFQ,P2,2764,Discovered - currently not indexed,0,9
/blog/rfid-event-access-control-setup/,Keep; if a solution page owns the same job (e.g. rfid-key-fob-access-control) fold into it,test conditions for performance figures,Informational,(inferred from H1: How to Set Up RFID Event Access Control),hub ↔ spoke per Phase 7,read guide → compare → RFQ,P2,2320,Discovered - currently not indexed,0,6
/blog/rfid-event-wristband-revenue-impact/,Keep; if a solution page owns the same job (e.g. rfid-key-fob-access-control) fold into it,remove superlatives (4),Informational,(inferred from H1: How RFID Wristbands Lift Event Revenue),hub ↔ spoke per Phase 7,read guide → compare → RFQ,P2,2189,Discovered - currently not indexed,0,6
/blog/rfid-frequencies-lf-hf-uhf-explained/,Keep; if a solution page owns the same job (e.g. rfid-key-fob-access-control) fold into it,test conditions for performance figures,Informational,(inferred from H1: RFID Frequencies Explained),hub ↔ spoke per Phase 7,read guide → compare → RFQ,P2,3321,Crawled - currently not indexed,3,13
/blog/rfid-inventory-roi-calculator/,Keep; if a solution page owns the same job (e.g. rfid-key-fob-access-control) fold into it,remove superlatives (4),Informational,(inferred from H1: RFID Inventory ROI Calculator),hub ↔ spoke per Phase 7,read guide → compare → RFQ,P2,2317,Discovered - currently not indexed,0,10
/blog/rfid-manufacturer-iso-9001-14001-certification-verification/,Keep; if a solution page owns the same job (e.g. rfid-key-fob-access-control) fold into it,—,Informational,(inferred from H1: Verifying ISO 9001/14001 RFID Manufacturers),hub ↔ spoke per Phase 7,read guide → compare → RFQ,P2,2366,Discovered - currently not indexed,0,11
/blog/rfid-retail-inventory-management/,Keep; if a solution page owns the same job (e.g. rfid-key-fob-access-control) fold into it,remove superlatives (4),Informational,(inferred from H1: RFID for Retail Inventory Management),hub ↔ spoke per Phase 7,read guide → compare → RFQ,P2,2781,Discovered - currently not indexed,0,6
/blog/rfid-rfp-template-questions-suppliers/,Keep; if a solution page owns the same job (e.g. rfid-key-fob-access-control) fold into it,remove superlatives (4),Informational,(inferred from H1: RFID RFP Template),hub ↔ spoke per Phase 7,read guide → compare → RFQ,P2,2409,Discovered - currently not indexed,0,11
/blog/rfid-shipping-air-vs-sea-freight-cost-tradeoff/,Keep; if a solution page owns the same job (e.g. rfid-key-fob-access-control) fold into it,remove superlatives (4),Informational,(inferred from H1: RFID Tag Shipping),hub ↔ spoke per Phase 7,read guide → compare → RFQ,P2,2399,Discovered - currently not indexed,0,9
/blog/rfid-wristbands-festivals-events/,Keep; if a solution page owns the same job (e.g. rfid-key-fob-access-control) fold into it,test conditions for performance figures; remove superlatives (4),Informational,(inferred from H1: RFID Wristbands for Festivals and Events),hub ↔ spoke per Phase 7,read guide → compare → RFQ,P2,3061,Discovered - currently not indexed,0,7
/case-studies/,Evidence needed → relabel as worked example or remove,first-party evidence (Phase 4),Evidence page (currently unverified),(inferred from H1: Real deployments. Measurable results.),hub ↔ spoke per Phase 7,RFQ,P0,728,Soft 404,0,5
/case-studies/hospitality-hotel-key-card-rollout/,Evidence needed → relabel as worked example or remove,first-party evidence (Phase 4),Evidence page (currently unverified),(inferred from H1: 28-Property Hotel Key Card Rollout),hub ↔ spoke per Phase 7,RFQ,P0,2656,Discovered - currently not indexed,0,3
/case-studies/industrial-laundry-pps-rfid-tag/,Evidence needed → relabel as worked example or remove,first-party evidence (Phase 4),Evidence page (currently unverified),(inferred from H1: 250+ Wash Cycles),hub ↔ spoke per Phase 7,RFQ,P0,2110,Discovered - currently not indexed,0,3
/case-studies/library-icode-slix2-self-service/,Evidence needed → relabel as worked example or remove,first-party evidence (Phase 4),Evidence page (currently unverified),(inferred from H1: 47-Branch ICODE SLIX2 Self-Service Migration),hub ↔ spoke per Phase 7,RFQ,P0,2329,Discovered - currently not indexed,0,5
/case-studies/music-festival-uhf-wristband/,Evidence needed → relabel as worked example or remove,first-party evidence (Phase 4),Evidence page (currently unverified),"(inferred from H1: 180,000 UHF Wristbands)",hub ↔ spoke per Phase 7,RFQ,P0,2436,Discovered - currently not indexed,0,6
/case-studies/pharmaceutical-dscsa-uhf-rfid/,Evidence needed → relabel as worked example or remove,first-party evidence (Phase 4),Evidence page (currently unverified),(inferred from H1: DSCSA UHF Labels at 380M Units/Year),hub ↔ spoke per Phase 7,RFQ,P0,2001,Discovered - currently not indexed,0,5
/case-studies/restaurant-google-review-nfc-card/,Evidence needed → relabel as worked example or remove,first-party evidence (Phase 4),Evidence page (currently unverified),(inferred from H1: 3.1× Review Lift),hub ↔ spoke per Phase 7,RFQ,P0,2485,Discovered - currently not indexed,0,5
/case-studies/retail-apparel-uhf-rfid-source-tagging/,Evidence needed → relabel as worked example or remove,first-party evidence (Phase 4),Evidence page (currently unverified),(inferred from H1: UHF Source-Tagging at 11M Tags/Year),hub ↔ spoke per Phase 7,RFQ,P0,2487,Discovered - currently not indexed,0,3
/compare/,Keep; make the decision table the first section; link to the buy page,—,Evaluation: decision table,(inferred from H1: RFID & NFC Comparison Library),hub ↔ spoke per Phase 7,sample / compatibility review,P2,780,Submitted and indexed,7,18
/compare/125khz-vs-13.56mhz-rfid/,Keep; make the decision table the first section; link to the buy page,test conditions for performance figures,Evaluation: decision table,(inferred from H1: 125 kHz Vs 13.56 MHz RFID),hub ↔ spoke per Phase 7,sample / compatibility review,P2,4183,Discovered - currently not indexed,0,25
/compare/acr1252u-vs-omnikey-5022/,Keep; make the decision table the first section; link to the buy page,—,Evaluation: decision table,(inferred from H1: ACR1252U vs HID Omnikey 5022),hub ↔ spoke per Phase 7,sample / compatibility review,P2,3454,Discovered - currently not indexed,0,4
/compare/active-vs-passive-rfid/,Keep; make the decision table the first section; link to the buy page,test conditions for performance figures,Evaluation: decision table,(inferred from H1: Active RFID vs Passive RFID),hub ↔ spoke per Phase 7,sample / compatibility review,P2,2969,Discovered - currently not indexed,0,11
/compare/chip-vs-chip/,Rewrite: add selection content or fold into parent hub; add to sitemap; link from body,—,Cluster hub,(inferred from H1: 💾 Chip vs Chip),hub ↔ spoke per Phase 7,sample / compatibility review,P1,160,URL is unknown to Google,0,0
/compare/em4100-vs-t5577/,Keep; make the decision table the first section; link to the buy page,test conditions for performance figures,Evaluation: decision table,(inferred from H1: EM4100 vs T5577),hub ↔ spoke per Phase 7,sample / compatibility review,P2,2536,Discovered - currently not indexed,0,6
/compare/form-factor-material/,Rewrite: add selection content or fold into parent hub; add to sitemap; link from body,—,Cluster hub,(inferred from H1: 🎨 Form Factor & Material),hub ↔ spoke per Phase 7,sample / compatibility review,P1,348,URL is unknown to Google,0,0
/compare/frequency-tech/,Rewrite: add selection content or fold into parent hub; add to sitemap; link from body,—,Cluster hub,(inferred from H1: 📊 Frequency & Tech),hub ↔ spoke per Phase 7,sample / compatibility review,P1,295,URL is unknown to Google,0,0
/compare/google-review-nfc-card-vs-nfc-sticker/,Keep; make the decision table the first section; link to the buy page,—,Evaluation: decision table,(inferred from H1: Google Review NFC Card vs NFC Sticker),hub ↔ spoke per Phase 7,sample / compatibility review,P2,2751,Discovered - currently not indexed,0,26
/compare/hf-vs-uhf-rfid-for-asset-tracking/,Keep; make the decision table the first section; link to the buy page,test conditions for performance figures; remove superlatives (4),Evaluation: decision table,(inferred from H1: HF Vs UHF RFID For Asset Tracking),hub ↔ spoke per Phase 7,sample / compatibility review,P2,3701,Discovered - currently not indexed,0,14
/compare/hotel-key-cards-vs-hotel-wristbands/,Keep; make the decision table the first section; link to the buy page,remove superlatives (4),Evaluation: decision table,(inferred from H1: Hotel Key Cards vs Hotel Wristbands),hub ↔ spoke per Phase 7,sample / compatibility review,P2,3087,Discovered - currently not indexed,0,14
/compare/impinj-r700-vs-zebra-fx9600/,Keep; make the decision table the first section; link to the buy page,—,Evaluation: decision table,(inferred from H1: Impinj R700 vs Zebra FX9600),hub ↔ spoke per Phase 7,sample / compatibility review,P2,3034,Discovered - currently not indexed,0,10
/compare/keyfob-vs-card-vs-wristband-access-control/,Keep; make the decision table the first section; link to the buy page,test conditions for performance figures; remove superlatives (3),Evaluation: decision table,(inferred from H1: Keyfob Vs Card Vs Wristband For Access Control),hub ↔ spoke per Phase 7,sample / compatibility review,P2,3445,Discovered - currently not indexed,0,13
/compare/metal-vs-wood-vs-pvc-nfc-business-cards/,Keep; make the decision table the first section; link to the buy page,remove superlatives (3),Evaluation: decision table,(inferred from H1: Metal vs Wood vs PVC NFC Business Cards),hub ↔ spoke per Phase 7,sample / compatibility review,P2,3246,Discovered - currently not indexed,0,17
/compare/mifare-classic-vs-plus-vs-desfire-hotel-locks/,Keep; make the decision table the first section; link to the buy page,remove superlatives (3),Evaluation: decision table,(inferred from H1: MIFARE Classic vs Plus vs DESFire for Hotel Locks),hub ↔ spoke per Phase 7,sample / compatibility review,P2,3141,Discovered - currently not indexed,0,86
/compare/mifare-plus-ev2-vs-desfire-ev3/,Keep; make the decision table the first section; link to the buy page,—,Evaluation: decision table,(inferred from H1: MIFARE Plus vs MIFARE DESFire),hub ↔ spoke per Phase 7,sample / compatibility review,P2,4529,Discovered - currently not indexed,0,45
/compare/nfc-review-card-vs-qr-review-stand/,Keep; make the decision table the first section; link to the buy page,—,Evaluation: decision table,(inferred from H1: NFC Review Card vs QR Review Stand),hub ↔ spoke per Phase 7,sample / compatibility review,P2,2874,Discovered - currently not indexed,0,25
/compare/nfc-vs-bluetooth/,Keep; make the decision table the first section; link to the buy page,test conditions for performance figures,Evaluation: decision table,(inferred from H1: NFC vs Bluetooth),hub ↔ spoke per Phase 7,sample / compatibility review,P2,3304,Discovered - currently not indexed,0,5
/compare/ntag213-vs-ntag215-vs-ntag216/,Keep; make the decision table the first section; link to the buy page,—,Evaluation: decision table,(inferred from H1: NTAG213 vs NTAG215 vs NTAG216),hub ↔ spoke per Phase 7,sample / compatibility review,P2,3487,Discovered - currently not indexed,0,57
/compare/on-metal-nfc-labels-vs-standard-nfc-stickers/,Keep; make the decision table the first section; link to the buy page,test conditions for performance figures,Evaluation: decision table,(inferred from H1: On-Metal NFC Labels vs Standard NFC Stickers),hub ↔ spoke per Phase 7,sample / compatibility review,P2,2919,Discovered - currently not indexed,0,7
/compare/pps-vs-silicone-vs-textile-rfid-laundry-tags/,Keep; make the decision table the first section; link to the buy page,remove superlatives (6),Evaluation: decision table,(inferred from H1: PPS vs Silicone vs Textile RFID Laundry Tags),hub ↔ spoke per Phase 7,sample / compatibility review,P2,3154,Discovered - currently not indexed,0,12
/compare/pvc-vs-wood-vs-pla-hotel-key-cards/,Keep; make the decision table the first section; link to the buy page,test conditions for performance figures,Evaluation: decision table,(inferred from H1: PVC vs Wood vs PLA Hotel Key Cards),hub ↔ spoke per Phase 7,sample / compatibility review,P2,3432,URL is unknown to Google,0,15
/compare/reader-vs-reader/,Rewrite: add selection content or fold into parent hub; add to sitemap; link from body,—,Cluster hub,(inferred from H1: 📡 Reader vs Reader),hub ↔ spoke per Phase 7,sample / compatibility review,P1,93,URL is unknown to Google,0,0
/compare/rfid-vs-barcode/,Keep; make the decision table the first section; link to the buy page,—,Evaluation: decision table,(inferred from H1: RFID vs Barcode),hub ↔ spoke per Phase 7,sample / compatibility review,P2,3370,Discovered - currently not indexed,0,14
/compare/rfid-vs-ble-asset-tracking/,Keep; make the decision table the first section; link to the buy page,test conditions for performance figures,Evaluation: decision table,(inferred from H1: RFID vs BLE for Asset Tracking),hub ↔ spoke per Phase 7,sample / compatibility review,P2,2916,Discovered - currently not indexed,0,5
/compare/rfid-vs-magnetic-hotel-key-cards/,Keep; make the decision table the first section; link to the buy page,test conditions for performance figures,Evaluation: decision table,(inferred from H1: RFID vs Magnetic Stripe Hotel Key Cards),hub ↔ spoke per Phase 7,sample / compatibility review,P2,3150,Discovered - currently not indexed,0,24
/compare/rfid-vs-qr-code/,Keep; make the decision table the first section; link to the buy page,test conditions for performance figures,Evaluation: decision table,(inferred from H1: RFID vs QR Code),hub ↔ spoke per Phase 7,sample / compatibility review,P2,3381,Submitted and indexed,24,11
/compare/rfid-wristband-vs-rfid-card/,Keep; make the decision table the first section; link to the buy page,test conditions for performance figures; remove superlatives (3),Evaluation: decision table,(inferred from H1: RFID Wristband Vs RFID Card),hub ↔ spoke per Phase 7,sample / compatibility review,P2,3721,Discovered - currently not indexed,0,11
/compare/rfid-wristbands-hotels-vs-events-vs-resorts/,Keep; make the decision table the first section; link to the buy page,—,Evaluation: decision table,(inferred from H1: RFID Wristbands For Hotels Vs Events Vs Resorts),hub ↔ spoke per Phase 7,sample / compatibility review,P2,3926,Discovered - currently not indexed,0,13
/compare/silicone-vs-fabric-vs-woven-rfid-wristbands/,Keep; make the decision table the first section; link to the buy page,remove superlatives (3),Evaluation: decision table,(inferred from H1: Silicone vs Fabric vs Woven RFID Wristbands),hub ↔ spoke per Phase 7,sample / compatibility review,P2,3948,Crawled - currently not indexed,0,24
/compare/ucode8-vs-ucode9-vs-monza-r6-vs-higgs9/,Keep; make the decision table the first section; link to the buy page,—,Evaluation: decision table,(inferred from H1: NXP UCODE 8 vs UCODE 9 vs Impinj Monza R6 vs Alien Higgs-9),hub ↔ spoke per Phase 7,sample / compatibility review,P2,4053,Discovered - currently not indexed,0,90
/compare/uhf-vs-hf-rfid-laundry-tags/,Keep; make the decision table the first section; link to the buy page,test conditions for performance figures; remove superlatives (4),Evaluation: decision table,(inferred from H1: UHF vs HF RFID Laundry Tags),hub ↔ spoke per Phase 7,sample / compatibility review,P2,3297,Discovered - currently not indexed,0,10
/compare/uhf-vs-hf-rfid/,Keep; make the decision table the first section; link to the buy page,—,Evaluation: decision table,(inferred from H1: UHF RFID Vs HF RFID),hub ↔ spoke per Phase 7,sample / compatibility review,P2,4300,Discovered - currently not indexed,0,34
/compatibility/,Keep; qualify acceptance statements; add test matrix,compatibility test matrix,Evaluation: lock-brand compatibility check,(inferred from H1: RFID & NFC Hotel Lock Compatibility),from /solutions/hotel-key-cards/ and product cards,compatibility review (contact with lock model),P1,268,Discovered - currently not indexed,0,16
/compatibility/be-tech-hotel-key-cards/,Keep; qualify acceptance statements; add test matrix,test conditions for performance figures; compatibility test matrix,Evaluation: lock-brand compatibility check,(inferred from H1: Be-Tech Hotel Key Cards),from /solutions/hotel-key-cards/ and product cards,compatibility review (contact with lock model),P1,4160,Discovered - currently not indexed,0,4
/compatibility/hafele-dialock-hotel-key-cards/,Keep; qualify acceptance statements; add test matrix,test conditions for performance figures; compatibility test matrix,Evaluation: lock-brand compatibility check,(inferred from H1: Hafele Dialock Hotel Key Cards),from /solutions/hotel-key-cards/ and product cards,compatibility review (contact with lock model),P1,4223,Discovered - currently not indexed,0,4
/compatibility/miwa-hotel-key-cards/,Keep; qualify acceptance statements; add test matrix,test conditions for performance figures; compatibility test matrix,Evaluation: lock-brand compatibility check,(inferred from H1: MIWA Hotel Key Cards),from /solutions/hotel-key-cards/ and product cards,compatibility review (contact with lock model),P1,4356,Discovered - currently not indexed,0,4
/compatibility/onity-hotel-key-cards/,Keep; qualify acceptance statements; add test matrix,test conditions for performance figures; compatibility test matrix,Evaluation: lock-brand compatibility check,(inferred from H1: Onity Hotel Key Cards),from /solutions/hotel-key-cards/ and product cards,compatibility review (contact with lock model),P1,4958,Discovered - currently not indexed,0,8
/compatibility/saflok-hotel-key-cards/,Keep; qualify acceptance statements; add test matrix,test conditions for performance figures; compatibility test matrix,Evaluation: lock-brand compatibility check,(inferred from H1: Saflok Hotel Key Cards),from /solutions/hotel-key-cards/ and product cards,compatibility review (contact with lock model),P1,4412,Discovered - currently not indexed,0,9
/compatibility/salto-hotel-key-cards/,Keep; qualify acceptance statements; add test matrix,test conditions for performance figures; compatibility test matrix,Evaluation: lock-brand compatibility check,(inferred from H1: SALTO Hotel Key Cards),from /solutions/hotel-key-cards/ and product cards,compatibility review (contact with lock model),P1,4540,URL is unknown to Google,0,8
/compatibility/vingcard-hotel-key-cards/,Keep; qualify acceptance statements; add test matrix,test conditions for performance figures; compatibility test matrix,Evaluation: lock-brand compatibility check,(inferred from H1: Vingcard Hotel Key Cards),from /solutions/hotel-key-cards/ and product cards,compatibility review (contact with lock model),P1,5386,Discovered - currently not indexed,0,7
/contact/,Keep,remove superlatives (4),contact,(inferred from H1: Talk to a Proud Tek RFID specialist),hub ↔ spoke per Phase 7,read guide → compare → RFQ,P2,199,Submitted and indexed,89,28
/contact/access-control-keyfobs/,NOINDEX_CANDIDATE (keep for UX) — report impact first (one variant is indexed and earns impressions),remove superlatives (5),"Intent-specific contact form (templated, Jaccard 0.4 vs siblings)",(inferred from H1: Keyfob And Access Control Inquiry),hub ↔ spoke per Phase 7,contact form,P2,783,Submitted and indexed,7,18
/contact/custom-rfid-cards/,NOINDEX_CANDIDATE (keep for UX) — report impact first (one variant is indexed and earns impressions),remove superlatives (4),"Intent-specific contact form (templated, Jaccard 0.4 vs siblings)",(inferred from H1: Custom RFID Card Inquiry),hub ↔ spoke per Phase 7,contact form,P2,808,Discovered - currently not indexed,0,69
/contact/event-rfid/,NOINDEX_CANDIDATE (keep for UX) — report impact first (one variant is indexed and earns impressions),remove superlatives (4),"Intent-specific contact form (templated, Jaccard 0.4 vs siblings)",(inferred from H1: Event RFID Project Inquiry),hub ↔ spoke per Phase 7,contact form,P2,804,Discovered - currently not indexed,0,24
/contact/hotel-rfid/,NOINDEX_CANDIDATE (keep for UX) — report impact first (one variant is indexed and earns impressions),remove superlatives (4),"Intent-specific contact form (templated, Jaccard 0.4 vs siblings)",(inferred from H1: Hotel RFID Project Inquiry),hub ↔ spoke per Phase 7,contact form,P2,827,Discovered - currently not indexed,0,36
/contact/laundry-rfid/,NOINDEX_CANDIDATE (keep for UX) — report impact first (one variant is indexed and earns impressions),remove superlatives (4),"Intent-specific contact form (templated, Jaccard 0.4 vs siblings)",(inferred from H1: Laundry RFID Project Inquiry),hub ↔ spoke per Phase 7,contact form,P2,816,Discovered - currently not indexed,0,10
/contact/nfc-branding-cards/,NOINDEX_CANDIDATE (keep for UX) — report impact first (one variant is indexed and earns impressions),remove superlatives (4),"Intent-specific contact form (templated, Jaccard 0.4 vs siblings)",(inferred from H1: NFC Card And Review Card Inquiry),hub ↔ spoke per Phase 7,contact form,P2,829,Discovered - currently not indexed,0,52
/contact/rfid-labels-tags/,NOINDEX_CANDIDATE (keep for UX) — report impact first (one variant is indexed and earns impressions),remove superlatives (5),"Intent-specific contact form (templated, Jaccard 0.4 vs siblings)",(inferred from H1: RFID Labels And Tags Inquiry),hub ↔ spoke per Phase 7,contact form,P2,829,Discovered - currently not indexed,0,127
/contact/rfid-readers/,NOINDEX_CANDIDATE (keep for UX) — report impact first (one variant is indexed and earns impressions),remove superlatives (3),"Intent-specific contact form (templated, Jaccard 0.4 vs siblings)",(inferred from H1: RFID Reader Project Inquiry),hub ↔ spoke per Phase 7,contact form,P2,807,Discovered - currently not indexed,0,17
/contact/vehicle-rfid/,NOINDEX_CANDIDATE (keep for UX) — report impact first (one variant is indexed and earns impressions),remove superlatives (4),"Intent-specific contact form (templated, Jaccard 0.4 vs siblings)",(inferred from H1: Vehicle RFID Project Inquiry),hub ↔ spoke per Phase 7,contact form,P2,800,URL is unknown to Google,0,3
/faq/,Keep,—,faq,(inferred from H1: RFID FAQ for Buyers),hub ↔ spoke per Phase 7,read guide → compare → RFQ,P2,686,Submitted and indexed,47,9
/glossary/,Keep,test conditions for performance figures,glossary,(inferred from H1: RFID & NFC glossary),hub ↔ spoke per Phase 7,read guide → compare → RFQ,P2,1072,Discovered - currently not indexed,0,1
/guides/,Keep; median 6.4k words — split or add navigation; cite datasheet sections,remove superlatives (4),Engineering knowledge,(inferred from H1: RFID & NFC Buying Guides),hub ↔ spoke per Phase 7,read guide → compare → RFQ,P2,4361,Discovered - currently not indexed,0,20
/industries/,Keep; route product-specific queries to SKU pages (Phase 5 #11),—,Industry hub,(inferred from H1: Complete guide to RFID & NFC by industry),hub ↔ spoke per Phase 7,compatibility/sample,P2,5108,Discovered - currently not indexed,3,7
/industries/aerospace-aviation-mro/,Keep; route product-specific queries to SKU pages (Phase 5 #11),test conditions for performance figures; remove superlatives (3),Industry hub,(inferred from H1: RFID for Aerospace & MRO),hub ↔ spoke per Phase 7,compatibility/sample,P2,3020,Discovered - currently not indexed,0,17
/industries/agriculture/,Keep; route product-specific queries to SKU pages (Phase 5 #11),test conditions for performance figures,Industry hub,(inferred from H1: RFID for Agriculture),hub ↔ spoke per Phase 7,compatibility/sample,P2,3393,Discovered - currently not indexed,0,15
/industries/automotive-tire-oem/,Keep; route product-specific queries to SKU pages (Phase 5 #11),—,Industry hub,(inferred from H1: RFID for Automotive & Tire OEM),hub ↔ spoke per Phase 7,compatibility/sample,P2,3020,URL is unknown to Google,0,12
/industries/brand-protection/,Keep; route product-specific queries to SKU pages (Phase 5 #11),—,Industry hub,(inferred from H1: Brand Protection NFC),hub ↔ spoke per Phase 7,compatibility/sample,P2,3261,Discovered - currently not indexed,0,58
/industries/cold-chain-food-traceability/,Keep; route product-specific queries to SKU pages (Phase 5 #11),—,Industry hub,(inferred from H1: RFID for Cold Chain & Food Traceability),hub ↔ spoke per Phase 7,compatibility/sample,P2,3634,Discovered - currently not indexed,0,19
/industries/data-center-it-asset-tracking/,Keep; route product-specific queries to SKU pages (Phase 5 #11),test conditions for performance figures,Industry hub,(inferred from H1: RFID for Data Center IT Assets),hub ↔ spoke per Phase 7,compatibility/sample,P2,3184,Discovered - currently not indexed,0,18
/industries/education/,Keep; route product-specific queries to SKU pages (Phase 5 #11),test conditions for performance figures,Industry hub,(inferred from H1: RFID for Education),hub ↔ spoke per Phase 7,compatibility/sample,P2,3329,Discovered - currently not indexed,0,43
/industries/eu-compliance/,Keep; route product-specific queries to SKU pages (Phase 5 #11),—,Industry hub,(inferred from H1: RFID for EU Compliance),hub ↔ spoke per Phase 7,compatibility/sample,P2,3330,Discovered - currently not indexed,0,24
/industries/events-venues/,Keep; route product-specific queries to SKU pages (Phase 5 #11),—,Industry hub,(inferred from H1: RFID for Events & Venues),hub ↔ spoke per Phase 7,compatibility/sample,P2,3335,Discovered - currently not indexed,0,64
/industries/fitness/,Keep; route product-specific queries to SKU pages (Phase 5 #11),—,Industry hub,(inferred from H1: RFID for Fitness),hub ↔ spoke per Phase 7,compatibility/sample,P2,2935,Discovered - currently not indexed,0,25
/industries/government-defense-supply-chain/,Keep; route product-specific queries to SKU pages (Phase 5 #11),—,Industry hub,(inferred from H1: RFID for Defense Supply Chains),hub ↔ spoke per Phase 7,compatibility/sample,P2,2982,Discovered - currently not indexed,0,21
/industries/healthcare/,Keep; route product-specific queries to SKU pages (Phase 5 #11),—,Industry hub,healthcare RFID hub (#11),hub ↔ spoke per Phase 7,compatibility/sample,P1,2924,Submitted and indexed,120,65
/industries/hospitality/,Keep; route product-specific queries to SKU pages (Phase 5 #11),test conditions for performance figures; remove superlatives (3),Industry hub,(inferred from H1: RFID for Hospitality),hub ↔ spoke per Phase 7,compatibility/sample,P2,4086,Submitted and indexed,25,66
/industries/industrial/,Keep; route product-specific queries to SKU pages (Phase 5 #11),test conditions for performance figures,Industry hub,(inferred from H1: RFID for Industrial Manufacturing),hub ↔ spoke per Phase 7,compatibility/sample,P2,3088,Discovered - currently not indexed,0,84
/industries/laundry-services/,Keep; route product-specific queries to SKU pages (Phase 5 #11),—,Industry hub,(inferred from H1: RFID for Laundry Services),hub ↔ spoke per Phase 7,compatibility/sample,P2,1991,Discovered - currently not indexed,0,18
/industries/libraries/,Keep; route product-specific queries to SKU pages (Phase 5 #11),test conditions for performance figures,Industry hub,(inferred from H1: RFID for Libraries),hub ↔ spoke per Phase 7,compatibility/sample,P2,3237,Discovered - currently not indexed,0,13
/industries/logistics/,Keep; route product-specific queries to SKU pages (Phase 5 #11),—,Industry hub,(inferred from H1: RFID for Logistics),hub ↔ spoke per Phase 7,compatibility/sample,P2,3139,URL is unknown to Google,0,72
/industries/luxury-brands/,Keep; route product-specific queries to SKU pages (Phase 5 #11),—,Industry hub,(inferred from H1: Luxury Brand NFC),hub ↔ spoke per Phase 7,compatibility/sample,P2,2993,Discovered - currently not indexed,0,47
/industries/pharmaceutical/,Keep; route product-specific queries to SKU pages (Phase 5 #11),—,Industry hub,(inferred from H1: Pharmaceutical RFID),hub ↔ spoke per Phase 7,compatibility/sample,P2,3482,Discovered - currently not indexed,0,22
/industries/retail-apparel/,Keep; route product-specific queries to SKU pages (Phase 5 #11),test conditions for performance figures,Industry hub,(inferred from H1: RFID for Retail & Apparel),hub ↔ spoke per Phase 7,compatibility/sample,P2,3071,Discovered - currently not indexed,0,46
/industries/water-parks/,Keep; route product-specific queries to SKU pages (Phase 5 #11),—,Industry hub,(inferred from H1: RFID Wristbands for Water Parks),hub ↔ spoke per Phase 7,compatibility/sample,P2,1212,Discovered - currently not indexed,0,2
/lp/,"Consolidate: keep 1–2 (rfid-manufacturer-shenzhen, nfc-tag-manufacturer-china) with unique proof; redirect/noindex others only after owner approval",—,Supplier-intent landing page (keyword variant),(inferred from H1: Campaign Landing Pages),from /about/factory/,structured RFQ,P1,814,Discovered - currently not indexed,0,0
/lp/bulk-rfid-cards/,"Consolidate: keep 1–2 (rfid-manufacturer-shenzhen, nfc-tag-manufacturer-china) with unique proof; redirect/noindex others only after owner approval",—,Supplier-intent landing page (keyword variant),(inferred from H1: Bulk RFID Cards),from /about/factory/,structured RFQ,P1,2921,Discovered - currently not indexed,0,3
/lp/custom-rfid-card-printing/,"Consolidate: keep 1–2 (rfid-manufacturer-shenzhen, nfc-tag-manufacturer-china) with unique proof; redirect/noindex others only after owner approval",test conditions for performance figures,Supplier-intent landing page (keyword variant),(inferred from H1: Custom RFID Card Printing),from /about/factory/,structured RFQ,P1,2642,Discovered - currently not indexed,0,14
/lp/nfc-tag-manufacturer-china/,"Consolidate: keep 1–2 (rfid-manufacturer-shenzhen, nfc-tag-manufacturer-china) with unique proof; redirect/noindex others only after owner approval",—,Supplier-intent landing page (keyword variant),(inferred from H1: NFC Tag Manufacturer in China),from /about/factory/,structured RFQ,P1,2784,Discovered - currently not indexed,0,5
/lp/rfid-card-encoding-service/,"Consolidate: keep 1–2 (rfid-manufacturer-shenzhen, nfc-tag-manufacturer-china) with unique proof; redirect/noindex others only after owner approval",—,Supplier-intent landing page (keyword variant),(inferred from H1: RFID Card Encoding Service),from /about/factory/,structured RFQ,P1,2954,Discovered - currently not indexed,0,7
/lp/rfid-card-manufacturer-china/,"Consolidate: keep 1–2 (rfid-manufacturer-shenzhen, nfc-tag-manufacturer-china) with unique proof; redirect/noindex others only after owner approval",—,Supplier-intent landing page (keyword variant),(inferred from H1: RFID Card Manufacturer in China),from /about/factory/,structured RFQ,P1,2670,Discovered - currently not indexed,0,8
/lp/rfid-label-manufacturer/,"Consolidate: keep 1–2 (rfid-manufacturer-shenzhen, nfc-tag-manufacturer-china) with unique proof; redirect/noindex others only after owner approval",—,Supplier-intent landing page (keyword variant),(inferred from H1: RFID Label Manufacturer),from /about/factory/,structured RFQ,P1,2629,Discovered - currently not indexed,0,7
/lp/rfid-manufacturer-shenzhen/,"Consolidate: keep 1–2 (rfid-manufacturer-shenzhen, nfc-tag-manufacturer-china) with unique proof; redirect/noindex others only after owner approval",—,Supplier-intent landing page (keyword variant),(inferred from H1: RFID Manufacturer in Shenzhen),from /about/factory/,structured RFQ,P1,2809,Discovered - currently not indexed,0,1
/lp/rfid-smart-card-manufacturer/,"Consolidate: keep 1–2 (rfid-manufacturer-shenzhen, nfc-tag-manufacturer-china) with unique proof; redirect/noindex others only after owner approval",—,Supplier-intent landing page (keyword variant),(inferred from H1: RFID Smart Card Manufacturer),from /about/factory/,structured RFQ,P1,2804,Discovered - currently not indexed,0,4
/lp/rfid-tag-factory/,"Consolidate: keep 1–2 (rfid-manufacturer-shenzhen, nfc-tag-manufacturer-china) with unique proof; redirect/noindex others only after owner approval",test conditions for performance figures,Supplier-intent landing page (keyword variant),(inferred from H1: UHF RFID Tag Manufacturer),from /about/factory/,structured RFQ,P1,1028,URL is unknown to Google,0,15
/lp/rfid-tag-wholesale/,"Consolidate: keep 1–2 (rfid-manufacturer-shenzhen, nfc-tag-manufacturer-china) with unique proof; redirect/noindex others only after owner approval",remove superlatives (3),Supplier-intent landing page (keyword variant),(inferred from H1: RFID Tag Wholesale),from /about/factory/,structured RFQ,P1,1983,Discovered - currently not indexed,0,2
/lp/rfid-wristband-manufacturer/,"Consolidate: keep 1–2 (rfid-manufacturer-shenzhen, nfc-tag-manufacturer-china) with unique proof; redirect/noindex others only after owner approval",—,Supplier-intent landing page (keyword variant),(inferred from H1: RFID Wristband Manufacturer),from /about/factory/,structured RFQ,P1,3114,Discovered - currently not indexed,0,7
/markets/,"Rewrite into a single ""Export markets & compliance by region"" page unless real regional evidence (approvals, logistics, references) exists",—,"Country page in English (no localisation, no country-specific evidence)",(inferred from H1: Proud Tek Markets),hub ↔ spoke per Phase 7,structured RFQ,P2,926,Discovered - currently not indexed,0,0
/markets/africa/,"Rewrite into a single ""Export markets & compliance by region"" page unless real regional evidence (approvals, logistics, references) exists",—,"Country page in English (no localisation, no country-specific evidence)",(inferred from H1: RFID Manufacturer for Africa),hub ↔ spoke per Phase 7,structured RFQ,P2,3127,URL is unknown to Google,0,1
/markets/australia/,"Rewrite into a single ""Export markets & compliance by region"" page unless real regional evidence (approvals, logistics, references) exists",—,"Country page in English (no localisation, no country-specific evidence)",(inferred from H1: RFID Access Control Cards for Australia),hub ↔ spoke per Phase 7,structured RFQ,P2,2269,Discovered - currently not indexed,0,1
/markets/brazil/,"Rewrite into a single ""Export markets & compliance by region"" page unless real regional evidence (approvals, logistics, references) exists",—,"Country page in English (no localisation, no country-specific evidence)",(inferred from H1: RFID Manufacturer for Brazil),hub ↔ spoke per Phase 7,structured RFQ,P2,3426,Discovered - currently not indexed,0,1
/markets/dubai-uae/,"Rewrite into a single ""Export markets & compliance by region"" page unless real regional evidence (approvals, logistics, references) exists",—,"Country page in English (no localisation, no country-specific evidence)",(inferred from H1: RFID Supplier for Dubai & the UAE),hub ↔ spoke per Phase 7,structured RFQ,P2,3061,Discovered - currently not indexed,0,1
/markets/germany/,"Rewrite into a single ""Export markets & compliance by region"" page unless real regional evidence (approvals, logistics, references) exists",—,"Country page in English (no localisation, no country-specific evidence)",(inferred from H1: RFID & NFC Manufacturer for Germany),hub ↔ spoke per Phase 7,structured RFQ,P2,3647,Discovered - currently not indexed,0,1
/markets/india/,"Rewrite into a single ""Export markets & compliance by region"" page unless real regional evidence (approvals, logistics, references) exists",—,"Country page in English (no localisation, no country-specific evidence)",(inferred from H1: RFID Manufacturer for India),hub ↔ spoke per Phase 7,structured RFQ,P2,3513,Discovered - currently not indexed,0,1
/markets/japan/,"Rewrite into a single ""Export markets & compliance by region"" page unless real regional evidence (approvals, logistics, references) exists",—,"Country page in English (no localisation, no country-specific evidence)",(inferred from H1: NFC Supplier for Japan),hub ↔ spoke per Phase 7,structured RFQ,P2,3100,Discovered - currently not indexed,0,1
/markets/south-africa/,"Rewrite into a single ""Export markets & compliance by region"" page unless real regional evidence (approvals, logistics, references) exists",test conditions for performance figures,"Country page in English (no localisation, no country-specific evidence)",(inferred from H1: RFID Card & UHF Tag Supplier for South Africa),hub ↔ spoke per Phase 7,structured RFQ,P2,2813,Discovered - currently not indexed,0,1
/markets/uk/,"Rewrite into a single ""Export markets & compliance by region"" page unless real regional evidence (approvals, logistics, references) exists",—,"Country page in English (no localisation, no country-specific evidence)",(inferred from H1: RFID Manufacturer for the UK),hub ↔ spoke per Phase 7,structured RFQ,P2,3919,URL is unknown to Google,0,1
/markets/usa/,"Rewrite into a single ""Export markets & compliance by region"" page unless real regional evidence (approvals, logistics, references) exists",—,"Country page in English (no localisation, no country-specific evidence)",(inferred from H1: RFID Manufacturer for USA),hub ↔ spoke per Phase 7,structured RFQ,P2,3067,Discovered - currently not indexed,0,1
/products/all/,Keep; add family selection table (chip × form factor × use),test conditions for performance figures; remove superlatives (3),Product family hub,(inferred from H1: Products),to all SKUs + solutions + compare,structured RFQ,P1,7563,Submitted and indexed,55,14
/products/nfc-ring/,Keep; add family selection table (chip × form factor × use),—,Product family hub,(inferred from H1: NFC Rings),to all SKUs + solutions + compare,structured RFQ,P1,1067,Discovered - currently not indexed,0,1
/products/rfid-cards/,Keep; add family selection table (chip × form factor × use),test conditions for performance figures,Product family hub,(inferred from H1: Complete guide to RFID cards),to all SKUs + solutions + compare,structured RFQ,P1,4281,Submitted and indexed,115,92
/products/rfid-cards/dual-frequency-rfid-card/,Keep; fix title/desc length; qualify pricing/MOQ/lead time per Phase 4; add supply boundary,—,SKU page (buy),(inferred from H1: Dual-Frequency RFID Cards),"to family hub, solution, compare",structured RFQ,P2,3062,Discovered - currently not indexed,0,14
/products/rfid-cards/em4100-rfid-card/,Keep; fix title/desc length; qualify pricing/MOQ/lead time per Phase 4; add supply boundary,—,SKU page (buy),(inferred from H1: EM4100 Proximity Cards),"to family hub, solution, compare",structured RFQ,P2,3533,Discovered - currently not indexed,0,23
/products/rfid-cards/mifare-classic-1k-card/,Keep; fix title/desc length; qualify pricing/MOQ/lead time per Phase 4; add supply boundary,—,SKU page (buy),MIFARE Classic 1K (#2),"to family hub, solution, compare",structured RFQ,P1,3888,Submitted and indexed,186,50
/products/rfid-cards/mifare-desfire-ev3-card/,Keep; fix title/desc length; qualify pricing/MOQ/lead time per Phase 4; add supply boundary,—,SKU page (buy),DESFire cards (#1),"to family hub, solution, compare",structured RFQ,P1,4075,Submitted and indexed,123,74
/products/rfid-cards/mifare-plus-se-card/,Keep; fix title/desc length; qualify pricing/MOQ/lead time per Phase 4; add supply boundary,—,SKU page (buy),(inferred from H1: MIFARE Plus SE Cards),"to family hub, solution, compare",structured RFQ,P2,3743,Discovered - currently not indexed,0,32
/products/rfid-cards/nfc-card-custom-printing/,Keep; fix title/desc length; qualify pricing/MOQ/lead time per Phase 4; add supply boundary,test conditions for performance figures; remove superlatives (4),SKU page (buy),(inferred from H1: Custom-Printed NFC Cards),"to family hub, solution, compare",structured RFQ,P2,3808,Discovered - currently not indexed,0,40
/products/rfid-cards/ntag424-dna-tt-card/,Keep; fix title/desc length; qualify pricing/MOQ/lead time per Phase 4; add supply boundary,—,SKU page (buy),(inferred from H1: NTAG 424 DNA TT Cards),"to family hub, solution, compare",structured RFQ,P2,3693,Discovered - currently not indexed,0,21
/products/rfid-cards/rfid-bamboo-card/,Keep; fix title/desc length; qualify pricing/MOQ/lead time per Phase 4; add supply boundary,—,SKU page (buy),(inferred from H1: RFID Bamboo Card),"to family hub, solution, compare",structured RFQ,P2,2656,Discovered - currently not indexed,0,20
/products/rfid-cards/rfid-metal-business-card/,Keep; fix title/desc length; qualify pricing/MOQ/lead time per Phase 4; add supply boundary,test conditions for performance figures,SKU page (buy),(inferred from H1: RFID Metal Business Card),"to family hub, solution, compare",structured RFQ,P2,3170,Discovered - currently not indexed,0,22
/products/rfid-cards/rfid-wooden-card/,Keep; fix title/desc length; qualify pricing/MOQ/lead time per Phase 4; add supply boundary,—,SKU page (buy),(inferred from H1: RFID Wooden Card),"to family hub, solution, compare",structured RFQ,P2,2467,Discovered - currently not indexed,0,22
/products/rfid-cards/wooden-nfc-business-card-engraved/,Keep; fix title/desc length; qualify pricing/MOQ/lead time per Phase 4; add supply boundary,test conditions for performance figures,SKU page (buy),(inferred from H1: Wooden NFC Business Card),"to family hub, solution, compare",structured RFQ,P2,3115,Discovered - currently not indexed,0,13
/products/rfid-keyfobs/,Keep; add family selection table (chip × form factor × use),—,Product family hub,(inferred from H1: Complete guide to RFID keyfobs),to all SKUs + solutions + compare,structured RFQ,P1,3457,Submitted and indexed,4,29
/products/rfid-keyfobs/mifare-desfire-keyfob/,Keep; fix title/desc length; qualify pricing/MOQ/lead time per Phase 4; add supply boundary,test conditions for performance figures,SKU page (buy),(inferred from H1: MIFARE DESFire Keyfob),"to family hub, solution, compare",structured RFQ,P2,2767,Discovered - currently not indexed,0,15
/products/rfid-keyfobs/rfid-abs-keyfob/,Keep; fix title/desc length; qualify pricing/MOQ/lead time per Phase 4; add supply boundary,—,SKU page (buy),(inferred from H1: ABS RFID Keyfob),"to family hub, solution, compare",structured RFQ,P2,3656,Discovered - currently not indexed,0,20
/products/rfid-labels/,Keep; add family selection table (chip × form factor × use),remove superlatives (3),Product family hub,(inferred from H1: Complete guide to RFID labels & inlays),to all SKUs + solutions + compare,structured RFQ,P1,5843,Submitted and indexed,5,69
/products/rfid-labels/impinj-m700-uhf-inlay/,Keep; fix title/desc length; qualify pricing/MOQ/lead time per Phase 4; add supply boundary,—,SKU page (buy),(inferred from H1: Impinj M700-Series UHF Inlays),"to family hub, solution, compare",structured RFQ,P2,3612,Discovered - currently not indexed,0,20
/products/rfid-labels/long-range-uhf-windshield-sticker/,Keep; fix title/desc length; qualify pricing/MOQ/lead time per Phase 4; add supply boundary,test conditions for performance figures; remove superlatives (3),SKU page (buy),UHF windshield tags (#7),"to family hub, solution, compare",structured RFQ,P1,3653,Submitted and indexed,120,20
/products/rfid-labels/nfc-wet-inlay/,Keep; fix title/desc length; qualify pricing/MOQ/lead time per Phase 4; add supply boundary,test conditions for performance figures,SKU page (buy),(inferred from H1: NFC Wet Inlays),"to family hub, solution, compare",structured RFQ,P2,3677,Discovered - currently not indexed,0,17
/products/rfid-labels/ntag213-nfc-sticker/,Keep; fix title/desc length; qualify pricing/MOQ/lead time per Phase 4; add supply boundary,test conditions for performance figures,SKU page (buy),NFC stickers / NTAG213 (#6),"to family hub, solution, compare",structured RFQ,P1,3168,Submitted and indexed,120,96
/products/rfid-labels/ntag216-nfc-sticker/,Keep; fix title/desc length; qualify pricing/MOQ/lead time per Phase 4; add supply boundary,test conditions for performance figures,SKU page (buy),(inferred from H1: NTAG216 NFC Stickers),"to family hub, solution, compare",structured RFQ,P2,3464,URL is unknown to Google,0,18
/products/rfid-labels/ntag424-dna-tamper-evident-tag/,Keep; fix title/desc length; qualify pricing/MOQ/lead time per Phase 4; add supply boundary,test conditions for performance figures,SKU page (buy),(inferred from H1: NTAG 424 DNA Tamper-Evident Tags),"to family hub, solution, compare",structured RFQ,P2,3807,Discovered - currently not indexed,0,57
/products/rfid-labels/rfid-asset-label/,Keep; fix title/desc length; qualify pricing/MOQ/lead time per Phase 4; add supply boundary,test conditions for performance figures,SKU page (buy),(inferred from H1: RFID Asset Label),"to family hub, solution, compare",structured RFQ,P2,3615,Discovered - currently not indexed,0,21
/products/rfid-labels/uhf-rfid-inlay/,Keep; fix title/desc length; qualify pricing/MOQ/lead time per Phase 4; add supply boundary,—,SKU page (buy),(inferred from H1: UHF RFID Inlay),"to family hub, solution, compare",structured RFQ,P2,3590,Discovered - currently not indexed,0,34
/products/rfid-labels/uhf-rfid-pallet-label/,Keep; fix title/desc length; qualify pricing/MOQ/lead time per Phase 4; add supply boundary,test conditions for performance figures,SKU page (buy),(inferred from H1: UHF RFID Pallet Label),"to family hub, solution, compare",structured RFQ,P2,3721,Discovered - currently not indexed,0,17
/products/rfid-labels/uhf-rfid-paper-label/,Keep; fix title/desc length; qualify pricing/MOQ/lead time per Phase 4; add supply boundary,test conditions for performance figures,SKU page (buy),(inferred from H1: UHF RFID Paper Label),"to family hub, solution, compare",structured RFQ,P2,3467,Discovered - currently not indexed,0,29
/products/rfid-readers/,Keep; add family selection table (chip × form factor × use),test conditions for performance figures,Product family hub,(inferred from H1: Complete guide to RFID readers),to all SKUs + solutions + compare,structured RFQ,P1,4086,Submitted and indexed,164,30
/products/rfid-readers/desktop-nfc-reader-encoder/,Keep; fix title/desc length; qualify pricing/MOQ/lead time per Phase 4; add supply boundary,test conditions for performance figures,SKU page (buy),NFC reader/writer (#12),"to family hub, solution, compare",structured RFQ,P1,3722,Submitted and indexed,83,23
/products/rfid-readers/handheld-uhf-rfid-reader/,Keep; fix title/desc length; qualify pricing/MOQ/lead time per Phase 4; add supply boundary,test conditions for performance figures,SKU page (buy),(inferred from H1: Handheld UHF RFID Reader),"to family hub, solution, compare",structured RFQ,P2,3700,Discovered - currently not indexed,0,14
/products/rfid-tags/,Keep; add family selection table (chip × form factor × use),test conditions for performance figures,Product family hub,(inferred from H1: Complete guide to RFID tags),to all SKUs + solutions + compare,structured RFQ,P1,5705,Submitted and indexed,5,85
/products/rfid-tags/anti-metal-uhf-it-asset-tag/,Keep; fix title/desc length; qualify pricing/MOQ/lead time per Phase 4; add supply boundary,—,SKU page (buy),(inferred from H1: Anti-Metal UHF IT Asset Tag),"to family hub, solution, compare",structured RFQ,P2,4639,Discovered - currently not indexed,0,13
/products/rfid-tags/rfid-anti-metal-tag/,Keep; fix title/desc length; qualify pricing/MOQ/lead time per Phase 4; add supply boundary,test conditions for performance figures,SKU page (buy),(inferred from H1: RFID Anti-Metal Tags),"to family hub, solution, compare",structured RFQ,P2,2829,Discovered - currently not indexed,0,48
/products/rfid-tags/rfid-high-temp-silicone-tag/,Keep; fix title/desc length; qualify pricing/MOQ/lead time per Phase 4; add supply boundary,test conditions for performance figures,SKU page (buy),(inferred from H1: High-Temp Silicone RFID Tag),"to family hub, solution, compare",structured RFQ,P2,4583,Discovered - currently not indexed,0,19
/products/rfid-tags/rfid-pallet-tag/,Keep; fix title/desc length; qualify pricing/MOQ/lead time per Phase 4; add supply boundary,test conditions for performance figures,SKU page (buy),(inferred from H1: RFID Pallet Tags),"to family hub, solution, compare",structured RFQ,P2,2326,Discovered - currently not indexed,0,12
/products/rfid-tags/rfid-pps-laundry-chip/,Keep; fix title/desc length; qualify pricing/MOQ/lead time per Phase 4; add supply boundary,—,SKU page (buy),(inferred from H1: RFID PPS Laundry Chip),"to family hub, solution, compare",structured RFQ,P2,5626,Discovered - currently not indexed,0,14
/products/rfid-tags/rfid-textile-laundry-tag/,Keep; fix title/desc length; qualify pricing/MOQ/lead time per Phase 4; add supply boundary,—,SKU page (buy),(inferred from H1: RFID Textile Laundry Tags),"to family hub, solution, compare",structured RFQ,P2,3652,Discovered - currently not indexed,0,14
/products/rfid-tags/rfid-tool-tracking-tag/,Keep; fix title/desc length; qualify pricing/MOQ/lead time per Phase 4; add supply boundary,test conditions for performance figures,SKU page (buy),(inferred from H1: RFID Tool Tracking Tag),"to family hub, solution, compare",structured RFQ,P2,4256,Discovered - currently not indexed,0,12
/products/rfid-tags/uhf-rfid-hard-tag/,Keep; fix title/desc length; qualify pricing/MOQ/lead time per Phase 4; add supply boundary,—,SKU page (buy),(inferred from H1: UHF RFID Hard Tags),"to family hub, solution, compare",structured RFQ,P2,2716,Discovered - currently not indexed,0,13
/products/rfid-wristbands/,Keep; add family selection table (chip × form factor × use),test conditions for performance figures,Product family hub,(inferred from H1: Complete guide to RFID wristbands),to all SKUs + solutions + compare,structured RFQ,P1,3429,Submitted and indexed,123,49
/products/rfid-wristbands/cashless-payment-rfid-wristband/,Keep; fix title/desc length; qualify pricing/MOQ/lead time per Phase 4; add supply boundary,—,SKU page (buy),(inferred from H1: Cashless-Payment RFID Wristbands),"to family hub, solution, compare",structured RFQ,P2,3066,Discovered - currently not indexed,0,27
/products/rfid-wristbands/fabric-rfid-wristband/,Keep; fix title/desc length; qualify pricing/MOQ/lead time per Phase 4; add supply boundary,—,SKU page (buy),(inferred from H1: Fabric / Woven RFID Wristbands),"to family hub, solution, compare",structured RFQ,P2,2603,Discovered - currently not indexed,0,14
/products/rfid-wristbands/hospital-patient-id-wristband/,Keep; fix title/desc length; qualify pricing/MOQ/lead time per Phase 4; add supply boundary,test conditions for performance figures,SKU page (buy),(inferred from H1: RFID Hospital Patient-ID Wristbands),"to family hub, solution, compare",structured RFQ,P2,2884,Discovered - currently not indexed,0,13
/products/rfid-wristbands/rfid-adjustable-silicone-wristband/,Keep; fix title/desc length; qualify pricing/MOQ/lead time per Phase 4; add supply boundary,test conditions for performance figures,SKU page (buy),(inferred from H1: Adjustable Silicone RFID Wristbands),"to family hub, solution, compare",structured RFQ,P2,2464,URL is unknown to Google,0,32
/products/rfid-wristbands/rfid-tyvek-wristband/,Keep; fix title/desc length; qualify pricing/MOQ/lead time per Phase 4; add supply boundary,—,SKU page (buy),(inferred from H1: Tyvek RFID Wristbands),"to family hub, solution, compare",structured RFQ,P2,2982,Discovered - currently not indexed,0,14
/products/rfid-wristbands/silicone-wristband-mifare-classic/,Keep; fix title/desc length; qualify pricing/MOQ/lead time per Phase 4; add supply boundary,test conditions for performance figures,SKU page (buy),(inferred from H1: Silicone RFID Wristbands),"to family hub, solution, compare",structured RFQ,P2,2929,Discovered - currently not indexed,0,21
/products/rfid-wristbands/uhf-rfid-wristband/,Keep; fix title/desc length; qualify pricing/MOQ/lead time per Phase 4; add supply boundary,—,SKU page (buy),(inferred from H1: UHF RFID Wristbands),"to family hub, solution, compare",structured RFQ,P2,2753,Submitted and indexed,32,20
/resources/,Keep,—,resources,(inferred from H1: Resources hub),hub ↔ spoke per Phase 7,read guide → compare → RFQ,P2,1197,URL is unknown to Google,3,0
/rfq/,Keep,—,rfq,(inferred from H1: Request a quote for custom RFID & NFC manufacturing),hub ↔ spoke per Phase 7,read guide → compare → RFQ,P2,576,Discovered - currently not indexed,0,506
/sample-pack/,Keep,test conditions for performance figures,sample-pack,(inferred from H1: Free RFID & NFC Sample Pack),hub ↔ spoke per Phase 7,read guide → compare → RFQ,P2,2815,Submitted and indexed,8,21
/solutions/,"Keep; one CTA; add ""what Proud Tek supplies vs integrator""",—,Application page (evaluate → buy),(inferred from H1: RFID & NFC Solutions),hub ↔ spoke per Phase 7,structured RFQ,P2,1213,Submitted and indexed,3,11
/solutions/digital-product-passport/,"Keep; one CTA; add ""what Proud Tek supplies vs integrator""",—,Application page (evaluate → buy),(inferred from H1: Digital Product Passport (2026)),hub ↔ spoke per Phase 7,structured RFQ,P2,4351,Discovered - currently not indexed,0,18
/solutions/google-review-cards-for-checkout-counters/,Consolidate into /solutions/google-review-nfc-card/ (keep ≤3 venue sections with real placement differences),remove superlatives (10),Venue-variant of one offer (no unique SKU),(inferred from H1: Google Review NFC Cards for Checkout Counters),hub → product card,structured RFQ,P1,5599,Discovered - currently not indexed,0,6
/solutions/google-review-cards-for-clinics/,Consolidate into /solutions/google-review-nfc-card/ (keep ≤3 venue sections with real placement differences),remove superlatives (5),Venue-variant of one offer (no unique SKU),(inferred from H1: Google Review NFC Cards for Clinics),hub → product card,structured RFQ,P1,5771,Discovered - currently not indexed,0,3
/solutions/google-review-cards-for-front-desks/,Consolidate into /solutions/google-review-nfc-card/ (keep ≤3 venue sections with real placement differences),remove superlatives (6),Venue-variant of one offer (no unique SKU),(inferred from H1: Google Review NFC Cards for Front Desks),hub → product card,structured RFQ,P1,5027,Discovered - currently not indexed,0,9
/solutions/google-review-cards-for-gyms-and-fitness-studios/,Consolidate into /solutions/google-review-nfc-card/ (keep ≤3 venue sections with real placement differences),remove superlatives (8),Venue-variant of one offer (no unique SKU),(inferred from H1: Google Review NFC Cards for Gyms & Studios),hub → product card,structured RFQ,P1,5070,URL is unknown to Google,0,4
/solutions/google-review-cards-for-hotels/,Consolidate into /solutions/google-review-nfc-card/ (keep ≤3 venue sections with real placement differences),remove superlatives (9),Venue-variant of one offer (no unique SKU),(inferred from H1: Google Review NFC Cards for Hotels),hub → product card,structured RFQ,P1,5280,Discovered - currently not indexed,0,5
/solutions/google-review-cards-for-pickup-counters/,Consolidate into /solutions/google-review-nfc-card/ (keep ≤3 venue sections with real placement differences),remove superlatives (6),Venue-variant of one offer (no unique SKU),(inferred from H1: Google Review NFC Cards for Pickup Counters),hub → product card,structured RFQ,P1,5192,Discovered - currently not indexed,0,7
/solutions/google-review-cards-for-restaurants/,Consolidate into /solutions/google-review-nfc-card/ (keep ≤3 venue sections with real placement differences),remove superlatives (4),Venue-variant of one offer (no unique SKU),(inferred from H1: Google Review NFC Cards for Restaurants),hub → product card,structured RFQ,P1,5589,Discovered - currently not indexed,0,10
/solutions/google-review-cards-for-retail-stores/,Consolidate into /solutions/google-review-nfc-card/ (keep ≤3 venue sections with real placement differences),remove superlatives (18),Venue-variant of one offer (no unique SKU),(inferred from H1: Google Review NFC Cards for Retail Stores),hub → product card,structured RFQ,P1,5768,Discovered - currently not indexed,0,4
/solutions/google-review-cards-for-salons-and-spas/,Consolidate into /solutions/google-review-nfc-card/ (keep ≤3 venue sections with real placement differences),remove superlatives (9),Venue-variant of one offer (no unique SKU),(inferred from H1: Google Review NFC Cards for Salons & Spas),hub → product card,structured RFQ,P1,5516,URL is unknown to Google,0,5
/solutions/google-review-cards-for-tabletop-prompts/,Consolidate into /solutions/google-review-nfc-card/ (keep ≤3 venue sections with real placement differences),remove superlatives (5),Venue-variant of one offer (no unique SKU),(inferred from H1: Google Review NFC Tabletop Prompts),hub → product card,structured RFQ,P1,5440,Discovered - currently not indexed,0,10
/solutions/google-review-nfc-card/,"Keep; one CTA; add ""what Proud Tek supplies vs integrator""",remove superlatives (5),Application page (evaluate → buy),Google review cards (#14),hub ↔ spoke per Phase 7,structured RFQ,P1,5316,Discovered - currently not indexed,0,30
/solutions/hotel-key-cards/,"Keep; one CTA; add ""what Proud Tek supplies vs integrator""",test conditions for performance figures,Application page (evaluate → buy),hotel key cards (#8),hub ↔ spoke per Phase 7,structured RFQ,P1,5460,Submitted and indexed,160,54
/solutions/hotel-rfid-access-control/,"Keep; one CTA; add ""what Proud Tek supplies vs integrator""",test conditions for performance figures,Application page (evaluate → buy),(inferred from H1: Hotel RFID Access Control),hub ↔ spoke per Phase 7,structured RFQ,P2,5243,URL is unknown to Google,0,16
/solutions/nfc-brand-authentication/,"Keep; one CTA; add ""what Proud Tek supplies vs integrator""",test conditions for performance figures,Application page (evaluate → buy),(inferred from H1: NFC Brand Authentication (2026)),hub ↔ spoke per Phase 7,structured RFQ,P2,5463,Discovered - currently not indexed,0,27
/solutions/nfc-business-card-programs/,"Keep; one CTA; add ""what Proud Tek supplies vs integrator""",—,Application page (evaluate → buy),NFC business card programs (#14),hub ↔ spoke per Phase 7,structured RFQ,P1,4186,Submitted and indexed,110,4
/solutions/nfc-business-card/,"Keep; one CTA; add ""what Proud Tek supplies vs integrator""",test conditions for performance figures; remove superlatives (4),Application page (evaluate → buy),(inferred from H1: NFC Business Cards),hub ↔ spoke per Phase 7,structured RFQ,P2,4968,URL is unknown to Google,0,40
/solutions/nfc-luxury-authentication/,"Keep; one CTA; add ""what Proud Tek supplies vs integrator""",test conditions for performance figures; remove superlatives (6),Application page (evaluate → buy),(inferred from H1: NFC Luxury Authentication (2026)),hub ↔ spoke per Phase 7,structured RFQ,P2,5373,Discovered - currently not indexed,0,16
/solutions/rfid-access-control/,"Keep; one CTA; add ""what Proud Tek supplies vs integrator""",test conditions for performance figures,Application page (evaluate → buy),(inferred from H1: RFID Access Control),hub ↔ spoke per Phase 7,structured RFQ,P2,7137,Discovered - currently not indexed,0,34
/solutions/rfid-asset-tracking-labels/,"Keep; one CTA; add ""what Proud Tek supplies vs integrator""",—,Application page (evaluate → buy),(inferred from H1: RFID Asset Tracking Labels (2026)),hub ↔ spoke per Phase 7,structured RFQ,P2,4241,URL is unknown to Google,0,21
/solutions/rfid-attendance-system/,"Keep; one CTA; add ""what Proud Tek supplies vs integrator""",—,Application page (evaluate → buy),(inferred from H1: RFID Attendance System),hub ↔ spoke per Phase 7,structured RFQ,P2,6838,URL is unknown to Google,0,5
/solutions/rfid-event-access-control/,"Keep; one CTA; add ""what Proud Tek supplies vs integrator""",—,Application page (evaluate → buy),(inferred from H1: RFID Event Access Control),hub ↔ spoke per Phase 7,structured RFQ,P2,5678,Discovered - currently not indexed,0,18
/solutions/rfid-event-wristbands/,"Keep; one CTA; add ""what Proud Tek supplies vs integrator""",remove superlatives (3),Application page (evaluate → buy),event wristbands (#10),hub ↔ spoke per Phase 7,structured RFQ,P1,5452,Submitted and indexed,132,29
/solutions/rfid-inventory-tracking/,"Keep; one CTA; add ""what Proud Tek supplies vs integrator""",test conditions for performance figures,Application page (evaluate → buy),(inferred from H1: RFID Inventory Tracking),hub ↔ spoke per Phase 7,structured RFQ,P2,3926,Discovered - currently not indexed,0,28
/solutions/rfid-keyfobs-access-control/,"Keep; one CTA; add ""what Proud Tek supplies vs integrator""",—,Application page (evaluate → buy),access-control keyfobs (#13),hub ↔ spoke per Phase 7,structured RFQ,P1,3932,Submitted and indexed,45,10
/solutions/rfid-laundry-management/,"Consolidate into one ""laundry RFID system"" page; keep /solutions/rfid-laundry-tags/ as the buy page",—,Overlapping laundry system pages,(inferred from H1: RFID Laundry Management),hub ↔ spoke per Phase 7,structured RFQ,P1,2853,Discovered - currently not indexed,0,8
/solutions/rfid-laundry-tags/,"Keep; one CTA; add ""what Proud Tek supplies vs integrator""",remove superlatives (6),Application page (evaluate → buy),laundry tags (#15),hub ↔ spoke per Phase 7,structured RFQ,P1,4320,Submitted and indexed,22,25
/solutions/rfid-laundry-tracking/,"Consolidate into one ""laundry RFID system"" page; keep /solutions/rfid-laundry-tags/ as the buy page",remove superlatives (4),Overlapping laundry system pages,(inferred from H1: RFID Laundry Tracking),hub ↔ spoke per Phase 7,structured RFQ,P1,5705,Discovered - currently not indexed,0,6
/solutions/rfid-library-management/,"Keep; one CTA; add ""what Proud Tek supplies vs integrator""",test conditions for performance figures,Application page (evaluate → buy),(inferred from H1: RFID Library Management),hub ↔ spoke per Phase 7,structured RFQ,P2,5866,Discovered - currently not indexed,0,6
/solutions/rfid-parking-management/,"Keep; one CTA; add ""what Proud Tek supplies vs integrator""",remove superlatives (4),Application page (evaluate → buy),(inferred from H1: RFID Parking Management),hub ↔ spoke per Phase 7,structured RFQ,P2,5457,Discovered - currently not indexed,0,6
/solutions/rfid-patient-tracking/,"Keep; one CTA; add ""what Proud Tek supplies vs integrator""",test conditions for performance figures,Application page (evaluate → buy),(inferred from H1: RFID Patient Tracking),hub ↔ spoke per Phase 7,structured RFQ,P2,4997,Discovered - currently not indexed,0,7
/solutions/rfid-race-timing/,"Keep; one CTA; add ""what Proud Tek supplies vs integrator""",—,Application page (evaluate → buy),(inferred from H1: RFID Race Timing),hub ↔ spoke per Phase 7,structured RFQ,P2,5571,Discovered - currently not indexed,0,5
/solutions/rfid-readers-and-encoding/,"Keep; one CTA; add ""what Proud Tek supplies vs integrator""",test conditions for performance figures,Application page (evaluate → buy),(inferred from H1: RFID Readers and Card Encoding),hub ↔ spoke per Phase 7,structured RFQ,P2,6030,Discovered - currently not indexed,0,6
/solutions/rfid-supply-chain-management/,"Keep; one CTA; add ""what Proud Tek supplies vs integrator""",test conditions for performance figures,Application page (evaluate → buy),RFID supply chain / inventory (see Phase 5 #9),hub ↔ spoke per Phase 7,structured RFQ,P1,7518,Submitted and indexed,358,14
/solutions/rfid-tool-tracking/,"Keep; one CTA; add ""what Proud Tek supplies vs integrator""",test conditions for performance figures; remove superlatives (3),Application page (evaluate → buy),(inferred from H1: RFID Tool Tracking),hub ↔ spoke per Phase 7,structured RFQ,P2,5872,Discovered - currently not indexed,0,9
/solutions/rfid-warehouse-management/,"Keep; one CTA; add ""what Proud Tek supplies vs integrator""",test conditions for performance figures,Application page (evaluate → buy),(inferred from H1: RFID Warehouse Management),hub ↔ spoke per Phase 7,structured RFQ,P2,4270,Discovered - currently not indexed,0,19
/solutions/vehicle-rfid-identification/,"Keep; one CTA; add ""what Proud Tek supplies vs integrator""",test conditions for performance figures,Application page (evaluate → buy),(inferred from H1: Vehicle RFID Identification),hub ↔ spoke per Phase 7,structured RFQ,P2,5203,Submitted and indexed,19,10
